question,label
internet mati nih,Problem
harga stb berapa,Information
internet putus sambung,Problem
saya dapat isi formulir relokasi disubmit blank,Problem
ketika laku bayar dapat proses,Problem
bantu informasi prosedur ganti paket layan,Information
untuk ganti paket layan sekaligus bundling promo tahun,Request
jika proses ganti paket layan lalu apps mybiznet dapat kendala salah order dicancel,Information
internet mati,Problem
order promo proses berkalikali,Information
internet mati min malam,Problem
coba restart masih sama,Problem
apa syarat ganti nama akun biznet,Information
berapa lama proses ganti nama akun biznet,Information
bisa request pisah akun dalam satu akun daftar 2 billing bayar,Information
mau pasang baru,Request
pasang baru,Request
untuk ganti email nomor telepon daftar isi form ganti data,Information
pasang baru jonggol paket 0d,Request
bogor gunung putri,Request
bantu cs,Request
perum bdb 2 blok as 12a rt 06 rw 13,Request
syarat relokasi apa,Information
cara ecek cakup area lalu apa,Information
proses relokasi berapa lama,Information
bilamana alamat baru cakup layan biznet akun bisa alih orang,Information
bilamana alamat baru cakup layan biznet syarat terminasi apa,Information
isi form terminasi harus tunggu berapa lama akun rimas,Information
saya terminasi masa kontak langgan akhir karena alamat baru cakup kena biaya pati,Information
bilamana kedepannnya ingin langgan apakah guna akun belum,Information
bisa freeze akun,Information
bisa saya bayar bulan akan keluar kota,Information
saya laku bayar bulan kena pinalti,Information
bagaimana cara daftar kartu kredit,Information
apa paket sedia biznet,Information
bagaimana cara beli modem,Information
kenapa los merah nyala modem,Problem
cek id langgan 1000308564 los meah nyala sejak pagi,Request
los merah nyala sejak pagi,Problem
modem lampu merah nyala sejak pagi cek,Request
ada kompensasi koneksi internet biznet putus berharihari,Information
bagaimana salah laku bayar akun biznet orang apakah uang saya bisa direfund,Information
kamu apa biznet,Information
siapa owner biznet,Information
minta no whatsapp nya dong,Request
estimasi kunjung teknisi biznet,Information
channel iptv biznet apa aja,Information
mau refund dana biznet,Request
beberapa website bisa akses,Problem
bagaimana cara cek ip server game valorant,Information
berapa jarak ideal dp dekat rumah pasang,Information
cara relokasi layan,Information
psn bisa konek,Problem
chromecast bisa guna,Problem
beda frekuensi modem 24ghz 5ghz,Information
modem biznet wifi berapa,Information
modem biznet support wifi 6,Information
beda wifi 5 wifi 6 modem,Information
mau aju sponsorship,Request
salah laku bayar akun orang,Problem
apa lemah koneksi fiber,Information
lemah koneksi wifi,Information
fungsi parental control modem cara,Information
fungsi whitelist modem,Information
fungsi blacklist modem,Information
apa ddns,Information
bagaimana cara atur ddns,Information
cara bayar biznet home,Information
kuota habis,Problem
kuota tidak ter reset,Problem
biznet bisa guna dns google,Information
rekomendasi router biznet,Information
rekomendasi router tambah biznet,Information
internet down 2 hari apa kompensasi,Problem
minimal speed dapat layan 0d,Information
balik nama akun,Request
berapa perangkat 0d,Information
apa biznet wifi,Information
hotspot biznet,Information
cara ganti layan home metronet,Information
internet down sejak malam,Problem
informasi harga paket area manado min,Information
promo langgan 2d buy daerah bogor,Information
mau beli ekstra kuota gimana,Request
email biznet home,Information
hotline biznet home,Information
harga promo 1d 125 jakarta,Information
ping tinggi,Problem
cctv tidak fungsi koneksi biznet koneksi tidak kendala,Problem
tidak akses app biznet,Problem
dapat buka halaman aplikasi situs,Problem
dapat login akun di,Problem
cara cek coverage area,Information
saya tambah add on iptv,Information
apa syarat henti langgan,Information
cara pasang router tambah,Information
kok bandwidth dapat ngga sesuai sih,Problem
iya router tenda,Information
kapan teknisi datang,Request
kok tanggal jatuh tempo nya maju terus,Problem
ada ubah nomor langgan utk biznet,Information
ada ubah nomor id langgan utk biznet,Information
my biznet ada 2 akun atas nama orang,Problem
tidak kirim menerimal email,Problem
untuk ganti paket layan sekaligus bundling promo tahun,Information
modem rental kapan,Information
tanggal berapa biasa debet,Information
tanggal berapa cc biasa debet,Information
minta add on kouta lalu apa,Information
informasi reset kouta tanggal berapa,Information
cek id langgan 1000308564 los merah nyala,Problem
nabire kaver,Information
bisa cek status internet,Request
koneksi putus,Problem
kalo lambat gmn,Problem
kalo internet lambat gmn cek,Problem
bisa laku ubah paket,Request
mau tanya kalo pingnya sesuai ga,Information
cara relokasi,Information
cara tau jumlah prangkat terhubng gimana,Information
cara beli promo,Information
batam layan apa aja,Information
kapan teknisi datang,Request
internet ada loss merah,Problem
cara tahu cakup area,Information
call center homecare,Information
berapa suhu modem,Information
internet lambat,Problem
nomor call center homcare berapa,Information
harga promo home internet 1d,Information
mau nambah router min jual ngga,Request
estimasi baik kendala area kapan,Request
harga mesh wifi berapa,Information
estimasi waktu relokasi,Information
cara langgan biznet,Information
internet down,Problem
harga visit bayar,Information
cara order promo min,Information
cara aju auto debit,Information
cara laku terminasi,Information
harga iptv,Information
ubah paket hangus masa aktif,Information
cara login mybiznet,Information
cara cek fup kuota,Information
beli iptv,Information
kak mau pasang wifi alamat yg beda juga sempet tanya sales area jl h hasan lurah baru an mas zikri tp contact beliau bisa hubung,Problem
min modem hilang,Problem
mau masuk modem,Information
iya min cara akses modem mau ganti password,Request
cara cek tanggal reset kuota,Information
kendapa speed test lemah,Problem
ada kendala login app biznet ganti password ngak masuk2,Problem
cara relokasi,Information
minta kompensasi internet kendala terus,Request
cara ganti password wifi,Information
cek lokasi dong,Request
ka gmna sayang udah beres payment hari jumat janji pasang sore nyata gabisa kata paling lambat pagi besok nya sampe sekrang datang datang gmna yah,Problem
harga promo biznet home internet 2d modem beli,Information
harga modem biznet,Information
modem ada lampu merah min,Problem
jadwal reset fup,Information
bayar masa aktif gak sesuai kak,Problem
cara upgrade layan,Information
jaring putus sambung,Problem
mau henti langgan pasti akan guna atau pak,Request
cara laku bayar lalu virtual account bca,Information
cara order promo,Information
cara laku relokasi,Information
mau pindahin modem gimana cara,Request
biaya relokasi,Information
wifi masalah,Problem
reminder masuk wa sms,Problem
ada promo bulan,Information
harga biznet home internet 1d,Information
kenapa biznet autodebet yg cancel tetep masuk tagih credit card saya,Problem
internet masalah,Problem
virtual account bca,Information
virtual account permata,Information
cara tahu id billing,Information
cara registrasi,Information
harga home internet 0d,Information
cara tahu masa aktif akun,Information
cara order modem biznet,Information
sudah bayar belum aktif,Problem
bayar atas jam 12 malam gak langsung aktif internetnya,Problem
cara bayar lalu tokopedia,Information
cara restart modem,Information
cara terminasi,Request
cara tambah installasi biznet,Information
promo langgan baru,Information
mau ajuin luas wilayah gimana cara,Request
cara temu sn modem,Information
cara tahu jumlah perangkat hubung,Information
teman langgan biznet kok gratis sehat tidak,Problem
cara setting bridge,Information
cara tahu nomor bayar baru,Information
cara order promo lalu mybiznet,Information
can you speak english,Information
cara dapat form relokasi,Information
hai my connection internet is so bad can you help me,Request
cara add on kuota,Information
biaya pinalty terminasi,Information
cara setting cctv,Information
lampu modem loss merah,Problem
cara setting cctv pakai jaring biznet,Information
nomor call center biznet home,Information
cara reset password mybiznet,Information
cara rubah email daftar,Information
internet down malam,Problem
harga mesh wifi berapa,Information
harga paket sedia biznet home,Information
harga paket sedia di sumatera,Information
layan biznet home kena kontrak,Information
masa kontrak laku langgan beli modem,Information
kuota utama habis internetnya bisa guna,Information
apa fup,Information
kapan kuota direset,Information
masa aktif hitung 30 hari,Information
biznet home milik promo,Information
biznet home milik kompensasi,Information
biznet laku refund jadi salah bayar,Information
harga iptv,Information
benar beberapa area perlu modem perangkat,Information
bagaimana cara terminasi,Information
bagaimana cara relokasi,Information
bagaimana ingin relokasi alamat baru cakup,Request
internetnya lambat,Problem
biznet blokir ip,Information
berapa maksimal device layan 0d,Information
berapa maksimal device layan 1d,Information
berapa maksimal device layan 2d,Information
berapa maksimal device layan 3d,Information
bisa milik lebih 1 akun,Information
berapa lama proses pasang laku bayar,Information
kena biaya alamat instalasi guna jalur kabel bawah tanah,Information
berapa biaya instalasi,Information
berapa harga modem beli sewa,Information
biznet milik masa tenggang,Information
modem ganti jadi rusa,Information
akun terminasi bisa langgan,Information
ada garansi beli modem,Information
ada garansi perangkat biznet iptv stb,Information
berapa biaya relokasi,Information
skema modem awal sewa bisa laku beli,Information
kena biaya ingin downgrade layan,Information
cara tau billing id,Information
cara bayar,Information
cara ambil promo,Information
cara ecek coverage area,Information
biznet milik sla,Information
bagaimana cara luas jangkau modem,Information
bagaimana mana cara luas jangkau sinyal,Information
dapat los merah modem yang laku,Problem
bagaimana speed dapat sesuai,Problem
biznet laku refund langgan puas layan,Information
biznet sedia kabel lan,Information
dapat kendala adaptor bisa ganti,Request
bagaimana cara beli remote stb,Information
bagaimana iptv blank hitam,Problem
bagaimana cara restart stb,Information
bagaimana cara restart modem,Information
biznet milik layan bandwidth on demand,Information
bagaimana cara registrasi biznet,Information
via portal apa untuk hubung biznet customer service,Information
biznet metronet milik sla,Information
paket milik ip public,Information
layan biznet home upload downloadnya simetris,Information
bagaimana cara koneksi internet tetap stabil,Information
banyak perangkat hubung modem akan pengaruh speed dapat,Information
fup guna lebih pakai apa akan jadi,Information
kalo nomor telepon home care berapa saya mau call,Information
jika banyak perangkat hubung pengaruh fup,Information
bagaimana cara beli extra kuota,Information
bisa langgan jika lewat masa tenggang lama 45 hari,Information
ingin menambahakan akun bisa guna identitas sama,Information
bisa guna email nomor telepon sama,Information
biznet home keluar invoice fisik,Information
internet down di bantu cek,Request
berapa biaya visit bayar,Information
bagaimana cara rubah data,Request
cara aju pindah tiang biznet non customer,Request
bagaimana prtosedur relokasi,Information
apa status modem,Request
modem rusak bisa laku ganti,Request
bagaimana cara cek ip address,Information
bagaimana cara lihat jumlah perangkat hubung modem,Information
berapa meter jarak ideal pakai wifi modem biznet,Information
ada loker biznet,Information
modem biznet guna jika pernah aju terminasi,Request
akun bisa alih orang,Information
ktp sudah daftar daftar,Information
mybiznet aplikasi playstome appstore,Information
bisa aju terminasi lalu mybiznet,Information
modem biznet ganti modem saya beli sendiri luar,Information
bagaimana cara ganti password wifi,Information
jaring biznet jual belikan,Information
bagaimana cara ganti ssid wifi,Information
bagaimana cara buat bayar jadi auto debet,Information
kapan kirim reminder bayar,Information
berapa meter jangkau modem biznet,Information
jaring biznet free hotspot luar saya guna,Information
bagaimana cara langgan internetnya tanpa iptv,Information
kantor guna layan home,Information
paket saran ingin guna cctv,Information
bagaimana cara tambah kartu kredit,Information
akun bisa alih non fup,Request
bagaimana cara henti kartu kredit,Information
fup habis inet masih guna,Information
biznet sedia modem wireless,Information
bagaimana ingin terminasi dapat kartu kredit,Request
perangkat ambil modem beli,Information
tidak promo beli modem,Information
bisa laku rekoneksi,Request
cabang gunung putri buka hari,Information
tiang biznet warna kuning,Information
boleh datang cabang,Information
harga internet 1ds,Information
harga internet 0ds,Information
harga internet 3ds,Information
harga internet 1dw,Information
harga internet 2dw,Information
harga internet 3dw,Information
free extra quota untuk langgan baru existing,Information
ip dapat paket 1d,Information
bagaimana cara ubah password akun mybiznet,Information
cara stop auto debet,Information
layan iptv biznet hubung berapa tv,Information
stb tv biznet tukar rusak,Information
masih dapat reminder tagih padahal aju relokasi,Problem
dapat menchandise pasang biznet,Information
masih dapat reminder tagih padahal aju terminasi,Information
berapa harga remote iptv,Information
biznet sedia merchandise,Information
biznet laku blokir port,Information
remot tv iptv beli luar biznet,Information
bagaimana cara laku ganti password akun mybiznet,Information
sinyal modem cakup seluruh ruang,Information
biznet channel gbo,Information
biznet channel hbo,Information
berapa lama proses installasi biznet,Information
relokasi modem biznet saya relokasi mandiri,Information
halo internet down sejak kemarin di cek,Request
saya bisa akses googlecom guna koneksi biznet,Problem
tidak guna dns,Problem
apa dns,Information
bisa laku ubah atas nama,Information
apa ip,Information
biznet home keluar faktur pajak,Information
apa beda ip static ip dinamic,Information
tiap laku bayar langgan terima konfirmasi bayar hasil,Information
biznet home laku ubah nama atas nama pt,Information
bisa laku ubah paket biznet home biznet metronet,Information
apa arti biznet,Information
cara laku bayar via bank bri,Information
biznet pempunya layan telepon,Information
cara laku bayar via bank mandiri,Information
cara laku bayar via tokopedia,Information
cara laku bayar via bank bca,Information
layan home milik jatuh tempo,Information
layan home milik jatuh tempo bulan,Information
packet loss,Problem
promo,Information
tv bisa koneksi internet,Problem
smart tv kendala,Problem
stb communication error,Problem
stb connection error,Problem
cara factory reset stb,Information
cara lihat device hubung modem,Information
weak security iphone,Problem
rekomendasi router game,Information
ping jumping,Problem
promo 31 ga,Information
youtube nya putus putus,Problem
restart modem masih sama,Problem
bisa datang teknisi,Request
oi putus nih inetnya,Problem
apa status modem,Request
koneksi putusputus,Problem
mybiznet tampil banyak akun,Information
kantor pusat biznet,Information
biznet bayar pasca bayar,Information
beda ip dynamic private ip public dynamic,Information
cek sisa kuota berapa,Request
cara ubah paket,Information
promo 62 ga,Information
nomor call center berapa,Information
call center layan home berapa sih,Information
saya rubah tagih bulan jadi tahun,Information
internet putus,Problem
di bantu kendala internet down,Request
guna bahasa indonesia,Information
kartu kredit tanggal berapa biasa debet,Information
cek id langgan 10003 los merah nyala,Request
koneksi internet putus nyambung,Problem
saat main game ping nya tinggi,Problem
bagaimana cara ecek kouat pakai bulan,Information
ingin ecek masa aktif akun sampai kapan,Request
terminasi layan biznet,Information
change package bagaimana,Information
layan internet los,Problem
jenis jenis paket biznet home apa aja min,Information
paket home 0d benefitnya apa aja,Information
area di cibarusah cakup,Information
paket home 3d benefitnya apa,Information
lurah tebet cakup blm,Information
kalau biaya pasang baru berapa kak,Information
promo panjang apa aja kak,Information
internet mati,Problem
cara beli promo gana,Information
relokasi layan biznet home,Request
bisa beli router tambah biznet,Information
ada blok port internet layan biznet,Information
biaya relokasi layan biznet home berapa kak,Information
harga paket lokasi batam kena ppn kak,Information
vpn kantor tidak koneksi,Problem
berapa harga stb biznet,Information
biaya langgan iptv berapa,Information
ping mobile legend tinggi,Problem
hasil trace route rto,Problem
beda speed bandwidth,Information
berapa lama ip biznet home ganti,Information
cara cek coverage layan biznet home,Information
cara cek masa aktif layan biznet,Information
troubleshoot internet lambat,Problem
troubleshoot modem blinking,Problem
kabel fiber ada putus kak harus gimana,Problem
mau pasang kak butuh 3 orang kirakira paket cocok apa,Request
kalo layan iptv ga kak,Information
stb nya ada biaya,Information
baik estimasi pasang baru berapa lama kak,Information
biaya pasang bayar awal,Information
layan customer service biznet home hubung,Information
registrasi pasang baru lalu apa,Information
ip dapat paket biznet home apa kak,Information
minimal langgan lama berapa bulan kak,Information
kalau telat laku bayar paket ada denda kak,Information
biaya kunjung tugas berapa,Information
cara ubah password wifi lokasi bagaimana,Information
ssid hilang bagaimana atas,Problem
saya bisa akses website lokal,Problem
ssid muncul tidak jaring internetnya bagaimana kak bisa normal,Problem
username login mybiznet apa kak,Information
bagaimana cara ubah alamat email daftar kak,Information
layan biznet ganti milik,Information
cara cek status billing bayar,Information
cek kode virtual akun bayar billing biznet home,Request
koneksi lambat,Problem
internet putus,Problem
inwt mati ni,Problem
internet putus ni,Problem
oke terus paket bixnet apa aha sih,Information
cara cek kuota,Information
koneksi lambat,Problem
berapa harga paket 150mbps,Information
ada koneksi,Problem
relokasi,Request
ubah layan,Request
kalau aku mau aju tutup akun bisa,Information
syarat tentu layan biznet home,Information
cara laku registrasi ulang,Information
jamin ganggu layan,Information
jumlah channel tv dapat dalam layan biznet biznet iptv,Information
masa tenggang biznet,Information
bagaimana cara ikut promo,Information
promo apa yang laku,Information
bagimana mau promo 93,Information
kalo promo 31 gimana,Information
promo 84,Information
mau promo 66,Request
biaya instalasi,Information
mau 125 deh kak,Request
biaya perangkat biznet wifi fiber modem,Information
biaya home internet 0ds,Information
mau terminasi,Request
biaya perangkat layan biznet iptv,Information
biaya timbul akibat relokasi,Information
biaya bulan biznet iptv,Information
garansi perangkat biznet wifi fiber modem,Information
garansi perangkat biznet iptv stb,Information
biaya sewa perangkat bulan biznet wifi fiber modem,Information
biaya penalti apabila langgan laku terminasi habis masa kontrak,Information
berapa lama proses instalasi hingga layan aktif,Information
proses jadwal instalasi aktivasi relokasi butuh waktu,Information
cara cepat jaring wifi biznet,Problem
cara atas wifi biznet lot,Problem
biznet smart internet wifi,Problem
bagaimana cara terminasi,Request
modem akan laku ambil,Information
ada biaya terminasi,Information
syarat aju terminasi apa,Information
mau ganti modem,Request
bagaimana cara ganti modem,Request
cara ganti modem rusak,Request
cara beli router tambah,Request
bisa panggil teknisi setting router,Request
bagaimana cara pindah modem biznet,Request
jenis paket internet biznet apa,Information
beda jenis ip layan biznet apa,Information
paket 1d jenis ip apa,Information
paket 2d jenis ip apa,Information
paket 3d jenis ip apa,Information
bandiwth 1d berapa,Information
bandiwth 2d berapa,Information
bandiwth 3d berapa,Information
bagaimana cari downgrade,Request
bagaimana cara upgrade,Request
internet putus sambung,Problem
lampu loss merah,Problem
bagaimana cara cek status modem,Information
ada layan ip statik,Information
bagaimana ip ubah,Request
modam mati total,Problem
bagaimana cek sisa kuota,Information
bagaimana cara ganti password wifi,Information
bagaimana cek modem support 5g,Information
kapan harus isi ulang kuota,Information
bagaimana cara beli xtra kuota,Request
berapa jumlah bandwodth over kuota,Information
berapa perangkat 0d,Information
berapa perangkat 1d,Information
berapa perangkat 2d,Information
berapa perangkat 3d,Information
berapa perangkat 0ds,Information
berapa perangkat 1ds,Information
berapa perangkat 2ds,Information
berapa perangkat 3ds,Information
berapa perangkat 0dw,Information
berapa perangkat 1dw,Information
berapa perangkat 2dw,Information
berapa perangkat 3dw,Information
berapa perangkat 1dn,Information
paket 1dn area mana,Information
paket 1ds area mana,Information
harga net layan 3d gamers berapa,Information
layan di saran guna cctv,Information
layan biznet home di rekomendasi main game,Information
internet lambat sekali saran atas,Problem
unggul layan 0d apa aja,Information
layan biznet home 0d guna cctv,Information
internet lampu los kedip kenapa,Problem
internet putus nyambung kenapa,Problem
dan tetangga internetnya biznetnya mati kenapa,Problem
promo apa pada bulan desember,Information
kalo mau promo 31 layan 0d kena berapa tagih,Information
tidak aju iptv layan 0d,Request
layan apa kalo mau pasang iptv cocok,Information
mau pasang iptv dong gimana cara,Request
kalo layan 1d ingin guna iptv tagih kena berapa,Information
stb iptv free kena biaya,Information
layan 3d dapat buka game ps4 online kenapa,Problem
kita dapat akses website game steam guna layan 3d kenapa,Problem
mau main dota 2 hasil masuk steam saya dapat akses dota 2 ya,Problem
layan biznet 3d mau main dota 2 hasil masuk steam saya dapat akses dota 2 ya,Problem
internet down sejak malam di bantu,Request
tanggal berapa biasa debet kartu kredit,Information
tanggal berapa biasa debet payment via kartu kredit,Information
internet down di cek,Request
area gunung putri ada jaring,Information
halo internet down,Problem
internet down,Problem
cara rubah paket gimana,Request
halo internet down di cek,Request
harga biznet home 1d berapa,Information
harga biznet home 1d berapa,Information
di bantu informasi menu quota tambah biznet home,Information
quota tambah hangus fup utama reset,Information
extra quota milik harga sama tiap layan biznet home,Information
langkah langkah laku bridge modem biznet bagaimana,Information
router external rusak dapat bantu sisi biznet,Request
ganti layan hangus sisa masa aktif,Information
kena biaya tambah ingin rubah layan,Information
ganti layan beli modem di proses sama,Information
beli modem hangus sisa masa aktif,Information
ingin beli modem layan 1d berapa biaya harus keluar,Request
kita masuk atur modem pribadi,Information
ingin ganti password wifi mandiri dapat laku,Request
tidak akses website tentu bantu,Request
tidak akses youtubecom dapat bantu,Request
saya relokasi kena biaya,Information
bagaimana cara setting smtp email guna jaring biznet,Information
ingin pindah jakarta bal dapat laku relokasi,Request
saya perlu membwa modem lokasi baru ingin relokasi,Information
koneksi sering rto akses beberapa website,Problem
saya pindah modem lantai 1 lantai 2 kena biaya,Information
ingin tambah router tamban luas jaring biznet ada rekomendasi perangkat,Request
bisa akses disney hotstar terang koneksi saya guna vpn,Problem
deco m4 tplink mesh guna kabel wireless,Information
bagaimana cara tahu ip game pc,Information
biznet home meyediakan ip static,Information
jaring suka up down beberapa hari akhir,Problem
ingin buka warnet layan biznet apa cocok warnet,Information
untuk layan 3d dapat ip static,Information
bantu langkah atur nat playstation,Request
bagaimana cek sisa kuota,Information
layan 0d guna dengan 10 perangkat,Information
ingin aktif akun kembali saya akhir laku bayar 2 bulan lalu bisa bantu,Request
tidak akses game handphone lalu biznet home 1d saran,Request
ingin beli modem bisa proses hari,Request
ingin bayar tagih lalu bank bsi bisa,Request
remote iptv rusak,Problem
ip ganti kita restart modem layan bizne home,Information
berapa biaya ganti remote iptv,Information
ingin ganti data akun layan bisa bantu,Request
berapa lama garansi modem biznet,Information
biznet sistem kontrak pasang baru,Information
bukti bayar belum terima,Problem
bagaimana cara rubah password wifi,Information
berapa kapasitas bandwidth bisa dapat saya guna kabel lan,Information
mau cek quota,Information
bagaimana cara ubah jaring dengan mode bridge,Information
internet tidak di guna macbook,Problem
bandwidth tidak sesuai paket saya ambil,Problem
saya bisa guna port 525,Problem
bagaimana cara batas guna koneksi modem biznet,Information
bagaimana cara aktivasi akun mybiznet,Information
internet lambat bandwidthnya sesuai,Problem
bagaimana cara cek ping tracert,Information
bagaimana saya laku tambah layan pasang lokasi baru,Request
mau laku panjang wifi,Request
ingin tau promo laku,Information
berapa nomor virtual account laku bayar,Information
nomor virtual account bsi,Information
info masa tenggang,Information
cara panjang,Information
cara langgan iptv gimana,Information
combo sama home 0d ngga,Information
kalau dicombo sama 1d,Information
jadi total tagih aku kalau sama iptv berapa,Information
lupa email login aplikasi,Request
mau tanya kok tempat ssidnya hilang,Problem
tapi hilang,Problem
parameter modem normal apa,Information
pon blinking,Problem
mau downgrade,Request
kalau downgrade sekarang masa aktif gimana,Information
masa aktif kapan,Information
arti ngga downgrade sekarang,Information
paket lebih rendah yg pakai sekarang apa aja,Information
kompensasi ngga kalau ada kendala,Information
kalau mau minta invoice gimana,Request
kalau ngga bayar lebih 45 hari gimana min,Information
kok ga akses situs perban,Problem
min mau daftar di jl tlk lampung,Request
lampung paket apa aja,Information
biaya instalasi sama modem berapa,Information
promo apa aja lampung,Information
cara pasang baru jl pulau sulawesi,Request
sulawesi paket apa aja,Information
kalau mau relokasi gimana,Request
mau ubah status modem jadi buy min,Request
mau ikut promo,Request
cara login aplikasi gimana,Information
cara beli ekstra kuota gimana,Information
kapan resetnya,Information
mau terminasi,Request
min sewa sama beli modem beda apa,Information
min portnya blokir,Problem
tipe kabel apa min,Information
biznet jual router ngga biar sinyal jauh,Information
mau pindah modem cuman geser dikit gimana cara,Request
min tv ngga channel,Problem
internet ngga browsing,Problem
min dns biznet apa,Information
ngga kirim email pakai internet biznet,Problem
username password pppoe aku apa,Information
mau setting modem sendiri gimana cara,Information
cara tau vlan id gimana min,Information
nambah modem min,Request
harga pasang baru lokasi sama min,Information
paket apa aja min,Information
mau cek kuota dong,Information
paket biznet,Information
cara login aplikasi genana,Information
web biznet,Information
halo internet down di bantu cek,Request
internet down sejak malam,Problem
kalo beli modem beraps,Information
min informasi paket bisa 10 device,Information
cara download aplikasi my biznet,Information
ingin langgan bingung mulai darimana,Information
cara tahu alamat tercover belum gimana,Information
jalan aster blok d5 no6 lurah sukatani camat tapos kota depok kode pos 16454 sudah tercover jaring interner biznet,Information
proses lanjut alamat tempat tinggal sudah tercover jaring biznet apa bagimana,Information
jl rajin 1 puri bunga amanah blok c13 udah cover,Information
sudah buka website biznethomenet tidak temu menu daftar bantu,Request
min internet lambat,Problem
min internet rumah indikator los nya merah ya,Problem
kalau internet lambat sebab apa min,Information
beda ip biznet home 0d sama gamers 3d apa min,Information
cara ganti nama akun gimana,Information
kalau ganti nama akun biaya nya engga,Information
ken ganti paket 25 mbps ga,Request
harga biznet home 1 d berapa,Information
harga biznet home 1d berapa,Information
internet down bagaimana ni,Problem
cara ganti password mandiri gmna,Information
min modem gak mau nyala,Problem
biznet home batas bayar ga,Information
internet down nih,Problem
internet down nih gana,Problem
min kalau modem rusak gimana,Problem
min bisa ga nonaktif layan dulu 2 bulan,Request
sedang jadi ganggu massal kendala area sisi biznet langgan dapat informasi kait sebut harus tanya,Information
biznet layan free wifi tempat umum ga,Information
ingin guna cctv paket layan biznet home apa cocok guna cctv,Information
min biznet perangkat buat luas jangkau wifi engga,Information
min layan biznet home buat rt rw net engga,Information
min dibatam kena ppn 11 ga,Information
kapan baik laku ubah paket layan internet,Information
min reset fup tanggal berapa,Information
ingin rubah skema guna modem saat dari sewa jadi beli bisa,Request
saya laku beli modem biaya sewa lama kena hilang apa untung langgan dapat laku beli modem,Information
kalau henti langgan gimana cara,Information
biaya relokasi berapa min,Information
ada garansi ganti modem jadi rusa saya baru laku beli modem,Information
garansi perangkat tplink deco m4 smart internet mesh wifi beli ga,Information
berapa lama waktu butuh laku beli modem,Information
saya tetap guna modem skema jadi rusa modem bisa laku baik ganti modem,Information
garansi perangkat set top box biznet iptv ga min,Information
min kirim teknisi lokasi modem los,Request
min kalau pindahin perangkat belah rumah bayar ga,Information
min kirimin pricelist paket internet,Information
internet sangat lambat dapat bantu optimal,Request
min app mybiznet beli promo engga,Information
min punya 2 perangkat id layan beda ko app mybiznet cuma 1 baca,Problem
speed upload download jaring internet biznet tidak simetris,Problem
min kalau ganti paket cuma 2 hari engga,Information
ubah paket layan butuh waktu berapa lama,Information
min sewa modem biznet ken ganti modem baru engga,Request
mybiznet sedia playstore appstore,Information
bagaimana cara login mybiznet ada tutorial langkah langkah,Information
ingin laku relokasi untuk lokasi baru belum cakup jaring internet biznet apa harus laku,Request
min cara liat id bayar,Information
laku salah bayar tagih karena salah 1 digit pasu nomor billing id ada solusi,Request
laku bayar tagih internet biznet nominal nya lebih bayar tetap proses,Information
cara blokir guna wifi gimana,Information
berapa harga bulan layan iptv apakah perlu laku beli alat,Information
berapa channel sedia layan iptv biznet,Information
min kalau pake perangkat modem temen bisa ga sama sama biznet,Information
halo bagaimana cara langgan,Information
iya perlu bantu bicara live agent,Request
internet down nih gana,Request
layan 3d dapat buka game ps4 online kenapa,Information
layan biznet 3d akses game cukup lambat akses youtube normal solusi ga,Problem
halo ingin hubung customer service,Request
deco m4 tplink mesh guna bangun tingkat,Information
mau topup,Request
mau renewal,Request
customer service,Request
masa aktif brp,Information
hubung live agent,Request
mo beli extra quota,Request
lupa email login aplikasi,Problem
kuota fup kapan resetnya,Information
min beberapa channel tv ilang,Problem
username password pppoe aku apa,Request
datang langsung datang cabang biznet dekat lokasi untuk tanya kait laku daftar jaring internet biznet rumah saya,Information
garansi perangkat tplink deco m4 smart internet mesh wifi beli ga,Information
min kendala facebook ikut hasil tracert tracing route to facebookcom 31139535nover a maximum of 30 hopsnn 1 1 ms 1 ms 1 ms 1921682401n 2 1 ms 2 ms 1 ms 1721642n 3 3 ms 5 ms 3 ms 202169331n 4 3 ms 3 ms 3 ms 18225325590n 5 3 ms 6 ms 3 ms ae0pr03cgk1tfbnwnet 15724086242n 6 2 ms 2 ms 2 ms po203asw02cgk1tfbnwnet 1291343948n 7 2 ms 2 ms 3 ms psw01cgk1tfbnwnet 1291345847n 8 2 ms 2 ms 2 ms msw1ag02cgk1tfbnwnet 12913491183n 9 2 ms 2 ms 2 ms edgestarminishv02cgk1facebookcom 31139535,Problem
ow gitu coy kalo lambat gimana,Request
internet down di cek,Request
jika modem rusak ganti yang baru,Information
bisa request bayar tanggal tentu,Information
bagimana prosedur henti langgan iptv,Information
bagimana cara add on extra kouta,Information
channel tv sedia dibiznet apa,Information
jaring biznet dikomersilkan,Information
ada diskon beli modem,Information
cara request perapihan kabel,Information
estimasi datang teknisi,Information
modem rusak apa indikasi,Information
internet lokasi lama buat main mobile legends,Problem
internet down,Problem
akun kompliment ingin relokasi kena biaya,Information
layan iptv channel apa,Information
saya ingn tambah mikrotik bisa,Request
router tambah,Request
ingin ubah layan bisa bantu,Request
bagaimana cara optimal jaring mandiri,Information
bagaimana saya putus jaring masa kontrak,Request
bagaimana tahu wifi retas orang,Information
modem biznet support 6g,Information
jika pindah malaysia jaring biznet bisa ikut pindah,Information
biznet paket harga 150000,Information
saya ubah nomor telepon,Request
ada promo panjang layan,Information
saya daftar biznet kosan baik guna layan mana,Information
layan metronet untuk rumah,Information
butuh layan ip tidak ubah ubah,Request
saya pakai paket gamers ip saya akan ubah ubah,Information
kalau pakai ip public dynamic terreset per kapan,Information
saya bayar bulan lama 1 bulan akun bisa lanjut,Information
kabel modem putus karna gigit tikus baik bayar,Information
biznet kompensasi internet mati berhari2,Information
jaring masalah akhir akhir,Problem
boleh reset modem,Request
internet lambat sekali kalau akses googlecom,Problem
lan tidak hubung port 1 modem,Problem
biznet blok 1 web,Request
teknisi biznet setting router tambah,Request
biznet sewa stb,Information
cabang biznet area jaksel,Information
i want to buy extra quota,Request
internet mati,Problem
promo,Information
84 gaada min,Information
kira kira 84 kapan sedia nya,Information
mau promo 21,Request
internet down min,Problem
internet putus min,Problem
internet down min,Problem
mo relokasi,Request
mo ganti paket,Request
mau beli quota,Request
i want to buy quota,Request
inet down,Problem
kendala lambat,Problem
informasi aju sponsorship biznet,Request
berapa harga pasang awal layan biznet home internet 1d wilayah depok,Information
i want to buy promo,Request
total ppn beli modem,Information
kapan luas cakup area biznet saat belum tercover,Information
i want to relocation,Request
mau relokasi,Request
informasi bandwidth dapat apabila langgan home internet 1d,Information
tanya min,Information
ciri ciri tiang biznet warna apa soal tiang miring jalan,Information
harga paket 0d berapa,Information
aklau remote iptv rusak order biaya berapa,Information
kalo harga paket 1d berapa,Information
cara cek nomor sn biznet,Information
beli promo,Request
kalo harga paket 2d berapa,Information
biznet bisa langgan lokasi high rise,Information
sebut akun sosisal media layan biznet x facebook instagram,Information
kalo harga paket gamers 3d berapa,Information
biznet home guna kabel fiber optic,Information
ppn nya berapa persen min,Information
lokasi store branch biznet cimandala bogor,Information
fup ga min,Information
estimasi kendala internet down kunjung berapa lama,Information
biznet jual perangkat router tambah support jangakuan koneksi,Information
kalo mau pasang ada biaya pasang min,Information
fup ga,Information
mau relokasi,Request
harga paket 0d berapa min,Information
kalo harga paket 1d berapa min,Information
kalo harga paket 2d berapa min,Information
kalo main game cocok paket apa min,Information
bukan paket gamers min,Information
kuota fup min,Information
sebut alas saya pakai layan biznet,Information
biznet sedia wifi portable,Information
min ciri ciri tiang biznet gimana,Information
kira kira kalau biznet maintenance customer dapat notifikasi,Information
kalau dapat ping tinggi lambat bisa laku visit langsung,Information
daerah sulawesi ada layan biznet min,Information
informasi bandwidth terima home internet 1d,Information
paket apa sedia daerah sulawesi min,Information
ikan alas apa kunjung visit lebih estimasi 1x24 jam atas kendala internet down,Information
sebut nama merk modem biznet,Information
daerah papua ada layan biznet min,Information
nomor customer service biznet berapa min mau telpon,Information
kabel indihome lama di pakai kabel internet,Information
koneksi anu ni,Problem
restart lambat,Problem
layan home fup unlimited,Information
informasi kena berapa pajak layan biznet,Information
informasi store biznet branch dekat bandara soekarno hatta,Information
harga layan biznet berubahubah,Information
bagaimana langkahlangkah untuk konfirgurasi modem mandiri,Information
saya rubah tagih bulan jadi tahun,Request
area jakarta gamers 3dw,Information
cek id langgan 10003 los merah nyala,Problem
informasi cara langgan,Information
bisa downgrade layan biznet metronet biznet home,Request
mau adu layan,Request
internet lambat banget,Problem
promo,Information
cek quota,Information
internet lambat,Problem
hi daerah rumah sudah tercover,Request
halo internet down sejak malam,Problem
paket 1d berpa,Information
biaya pasang baru berapa,Information
biaya relokasi biznet home,Information
merk kabel lan bagus,Information
promo 2d home modem buy berapa,Information
paket 1d,Information
harga paket 1d,Information
harga pasang baru,Information
cara henti langgan,Information
ikut promo 1d modem rent,Request
harga modem,Information
cara langgan,Information
ada denda langgan,Information
kait minta aju sponsopship,Request
layan iptv channel hbo ada,Information
tanggal berapa biasa debet kartu kredit daftar biznet,Information
paket gamers,Information
harga paket gamers biznet,Information
tanggal berapa biasa laku bayar auto debet kartu kredit daftar biznet,Information
berapa jenis paket gamers biznet,Information
cek id langgan 1000 los merah nyala,Problem
apa status modem,Information
akan kena biaya tambah alamat instalasi guna jalur kabel bawah tanah,Information
mo beli quota,Request
internet cepat,Information
hi kalo ikut promo 31 gmn cara nya,Information
putus sambung,Problem
promo bhi 1d,Information
lot,Problem
daftar biznet hom e,Request
daftar biznet home,Request
udah restart msh lot,Problem
saya kerja biznet,Information
terima kasih kamu tahu biznet diri siapa,Information
cakup bojong gede,Request
internet ga gacor nih lambat mulu,Problem
ganti paket,Request
cara daftar,Information
mohon info paket apa,Information
internet down,Problem
lambat,Problem
laku semua masih lambat,Problem
kendala lokasi apa ya,Information
internet down loss merah,Problem
saya area bekas,Information
cek harga layan biznet,Information
koneksi lambat,Problem
batal ganti paket,Request
mau tanya harga bulan,Information
berapa harga bulan paket,Information
ingin pasang baru alkun tambah,Request
bisa,Information
jalan kota mas jalan utama ciawi cianjur,Request
internet lot,Problem
masa aktif,Information
kuota saat,Information
mau tau harga paket,Information
tapi lambat,Problem
arti paket gratis,Information
guna promo paket saya,Information
kalau punya 4 perangkat tp koneksi rto terus arah facebookcom kira2 ya,Problem
apakah baik ganti isp,Request
pakte apa kamu saran,Information
berapa bandwidth paket saya guna,Information
kalau ingin ganti paket paket mana yang bsia guna,Information
harga paling murah berapa,Information
cek fup,Information
top up fup,Request
ubah layan,Request
cek jaring,Request
status koneksi,Information
harga modem berapa,Information
jenis paket layan biznet home,Information
customer service,Request
harga promo biznet,Information
owh oje kalok tambah router gak,Request
tambah router mesh wifi,Request
cara pilih nya gimana,Information
mau sen lewat cs dong,Request
kalau mau beli promo 31 gimaa cara,Information
oke sekarang mau beli promo,Request
thank you kalok mau ganti paket,Request
lsyanan expired kapan,Information
ciri tiang biznet apa,Information
kalok mau bayar lewat mana,Information
berapa nomer va,Information
paket main game gak,Information
internet down min,Problem
promo apa aja,Information
kalo ken 31 gmn,Information
kalo promo 62,Information
nanya promo,Information
coverage area lenteng agung jakarta selatan ngga,Request
kalo beli ekstra kuota gmn,Information
paket apa aja,Information
klo kuota abis bagaimana,Information
password apps nya apa,Information
kalo change package gmn min,Information
lupa passwordnya,Problem
pake password default salah,Problem
cukup min di akhir chat nya,Information
mau tanya perihal layan,Information
koneksi intermitten y,Problem
aplikasi wifi analyzernya apa,Information
gimana cara,Information
udah install analyzer aman ngga masalah,Information
channel sudah rubah,Information
cara liat jumlah guna gimana,Information
username pass adminnya apa,Information
cek coverage,Request
cek overage,Request
cara ganti paket gimana,Information
mau pasang banten bis acek coveratge,Request
mau tanya cara gimana,Information
paket apa pilhannya,Information
terus klaok dinpekan baru oakek paket apa,Information
modem ada los merah nih ngapain,Problem
paket apa aja yg sedia,Information
pasang baru berapa,Information
cara aju ganti modem bagaimana,Information
masalah teknis,Problem
estimasi kunjung teknisi biasa kapan,Information
estimasi relokasi biasaya berapa hari,Information
internet lambat cuma dapet 10mbps,Problem
mau cek promo sedia hari layan biznet home,Information
harga layan biznet home flat,Information
cara laku ping tracert bagaimana,Information
biznet buka lowong magang,Information
bantu ping googlecom,Request
gapunya laptop tolong ping googlecom,Request
layan internet lambat informasi sebab solusi,Problem
kalo terminasi gimana cara,Information
estimasi layan laku terminasi berapa lama,Information
halo biznet,Information
ingin tahu cara cek ip layan biznet home,Information
promo ini apa aja,Information
tidak promo 21,Information
internet untuk main game genshin impact ping tinggi ada solusi,Problem
ingin tahu ip saya guna bagaimana,Information
informasi paket gamers apa,Information
reset fup biasa laku kapan,Information
ada perlu ganti paket masih panjang masa aktif bisa proses sekarang,Request
ada los merah modem itu,Problem
ingin laku bayar lewat mana,Information
mau terminasi layan bagainmana proses,Information
relokasi apabila tercover bagaimana,Information
informasi va bank sedia,Information
cek coverage area alamat ikut kp beunghar rt0305 kelbabakan pasar kec bogor tengah kota bogor 16126,Request
internet tidak stabil ada kendala,Problem
cepat internet biznet home tetap konstan panjang waktu,Information
bisa guna layan biznet home bisnisperusahaan,Information
dapat garansi perangkat smart internet wifi,Information
layan kendala down estimasi baik kapan,Problem
bagaimana cara cek ping tracert,Information
latency layan biznet home normal berapa,Information
apa pengaruh latency tinggi,Information
ada rekomendasi guna tipe kabel lan,Information
modem biznet tipe apa,Information
rekomendasi perangkat tambah luas jangkau wifi ada,Information
tidak tercover alamat biasa kapan tunggu,Information
jangkau sinyal wifi biznet optimal berapa,Information
ada tentu langgan,Information
ada tentu rekoneksi layan sudah lama bayar,Information
layan biznet home sering jadi kendala area,Problem
cek jaring,Request
internet down,Problem
mau beli add on,Request
beli add on,Request
mau beli kuota,Request
mau beli quota,Request
harga paket 0d,Information
